评论,时间,点赞数,标签
已三连，求分享,2023-01-10 09:47:29,2,0
激活码在哪儿看呀，我咋找不到,2023-01-10 09:40:30,2,0
已三连，求资料,2023-01-10 06:17:47,2,0
已三连！求分享！,2023-01-09 15:35:57,2,0
三连，求激活码,2023-01-09 15:20:30,2,0
领取激活码,2023-01-05 11:49:58,2,0
已三连，求分享,2023-01-05 02:57:32,2,0
已三连 求分享,2023-01-05 02:33:21,2,0
一三联，求分享,2023-01-05 01:57:10,2,0
已三连，求分享,2023-01-04 15:47:37,2,0
已三连，求分享,2023-01-04 04:31:27,2,0
已三连，求分享全套,2023-01-04 04:08:36,2,0
已三连，求分享,2023-01-04 02:44:27,2,0
已三连，求分享,2023-01-04 00:26:55,2,0
建议多更,2023-01-03 18:06:33,2,0
已三连!求分享,2023-01-03 16:09:02,4,0
好短但是我爱看,2023-01-03 15:46:48,5,0
已三连，求分享～,2023-01-03 15:31:09,2,0
已三连，求分享,2023-01-03 12:43:16,2,0
已三连，求分享,2023-01-03 08:12:52,2,0
感谢支持，已发送私信,2023-01-13 07:14:37,0,0
感谢支持，已发送私信,2023-01-13 07:14:34,0,0
感谢支持，已发送私信,2023-01-13 07:14:25,0,0
感谢支持，已发送私信,2023-01-13 07:14:18,0,0
感谢支持，已发送私信,2023-01-13 07:14:14,0,0
感谢支持，已发送私信,2023-01-13 07:13:38,0,0
感谢支持，已发送私信,2023-01-13 07:13:29,0,0
感谢支持，已发送私信,2023-01-13 07:13:26,0,0
感谢支持，已发送私信,2023-01-13 07:13:19,0,0
感谢支持，已发送私信,2023-01-13 07:13:13,0,0
感谢支持，已发送私信,2023-01-13 07:12:03,0,0
感谢支持，已发送私信,2023-01-13 07:12:00,0,0
感谢支持，已发送私信,2023-01-13 07:11:55,0,0
感谢支持，已发送私信,2023-01-13 07:11:49,0,0
感谢支持，已发送私信,2023-01-13 07:11:45,0,0
感谢支持，已发送私信,2023-01-13 07:11:43,0,0
感谢支持，已发送私信,2023-01-13 07:11:39,0,0
感谢支持，已发送私信,2023-01-13 07:11:36,0,0
感谢支持，已发送私信,2023-01-13 07:11:33,0,0
感谢支持，已发送私信,2023-01-13 07:11:19,0,0
被搜账号异常了[大哭],2023-01-03 09:47:30,2,0
up救我我三连了[大哭],2023-01-03 10:03:36,2,0
回复 @亥猪猪猪 : Aiot66688  加这个也可以,2023-01-10 06:27:32,1,0
被搜账号异常了[大哭],2023-01-03 09:47:30,2,0
up救我我三连了[大哭],2023-01-03 10:03:36,2,0
回复 @亥猪猪猪 : Aiot66688  加这个也可以,2023-01-10 06:27:32,1,0
